1A4I,"[1, 3]"
1A6F,"[1, 3]"
1AOD,"[1, 4]"
1BG6,"[1, 2]"
1DIA,"[1, 3]"
1DIB,"[1, 3]"
1DIG,"[1, 3]"
1DVE,"[1, 4]"
1DVG,"[1, 4]"
1EA0,"[1, 3, 4]"
1EBD,"[1, 2]"
1HR8,"[1, 3]"
1HR9,"[1, 3]"
1IRM,"[1, 4]"
1IVJ,"[1, 4]"
1IX3,"[1, 4]"
1IX4,"[1, 4]"
1J02,"[1, 4]"
1J2C,"[1, 4]"
1J3I,"[1, 2]"
1J3J,"[1, 2]"
1J3K,"[1, 2]"
1KYQ,"[1, 4]"
1MJG,"[1, 2]"
1NOC,"[1, 2]"
1NVM,"[1, 4]"
1OAO,"[1, 2]"
1OCC,"[1, 3]"
1OCO,"[1, 3]"
1OCR,"[1, 3]"
1OCZ,"[1, 3]"
1PJQ,"[1, 2, 4]"
1PJS,"[1, 2, 4]"
1PJT,"[1, 2, 4]"
1QZF,"[1, 2]"
1SEJ,"[1, 2]"
1UB2,"[1, 4]"
1UBB,"[1, 4]"
1ULX,"[1, 4]"
1V54,"[1, 3]"
1V55,"[1, 3]"
1VGI,"[1, 4]"
1W85,"[1, 2]"
1W88,"[1, 2]"
1WDK,"[1, 2, 4, 5]"
1WDL,"[1, 2, 4, 5]"
1WDM,"[1, 2, 4, 5]"
1X2G,"[1, 6]"
1X2H,"[1, 6]"
2AIJ,"[1, 3]"
2AIK,"[1, 3]"
2B3Z,"[1, 3]"
2B5H,"[1, 3]"
2C2X,"[1, 3]"
2C2Y,"[1, 3]"
2CDH,"[1, 2]"
2D3T,"[1, 2, 4, 5]"
2D5N,"[1, 3]"
2DY5,"[1, 4]"
2DYR,"[1, 3]"
2DYS,"[1, 3]"
2E7E,"[1, 4]"
2EIJ,"[1, 3]"
2EIK,"[1, 3]"
2EIL,"[1, 3]"
2EIM,"[1, 3]"
2EIN,"[1, 3]"
2EQ7,"[1, 2]"
2EQ8,"[1, 2]"
2EQ9,"[1, 2]"
2FXI,"[1, 3]"
2G6V,"[1, 3]"
2GH2,"[1, 3]"
2GPT,"[1, 4]"
2H2Q,"[1, 2]"
2HI8,"[1, 3]"
2HXV,"[1, 3]"
2IPA,"[1, 3]"
2JNK,"[1, 3]"
2O01,"[1, 2]"
2O7P,"[1, 3]"
2O7Q,"[1, 4]"
2O7S,"[1, 4]"
2OBC,"[1, 3]"
2OCC,"[1, 3]"
2OIP,"[1, 2]"
2OZN,"[1, 3]"
2PLC,"[1, 4]"
2PV7,"[1, 5]"
2VDC,"[1, 3, 4]"
2W1Q,"[1, 3]"
2W1S,"[1, 3]"
2W1U,"[1, 3]"
2WDB,"[1, 3]"
2WSC,"[1, 2]"
2WSE,"[1, 2]"
2WSF,"[1, 2]"
2X58,"[1, 4, 5]"
2Y0I,"[1, 2]"
2Y69,"[1, 3]"
2YBB,"[1, 3]"
2Z8Y,"[1, 2]"
2ZVU,"[1, 4]"
2ZXW,"[1, 3]"
3A7A,"[1, 6]"
3A7R,"[1, 6]"
3ABK,"[1, 3]"
3ABL,"[1, 3]"
3ABM,"[1, 3]"
3AG1,"[1, 3]"
3AG2,"[1, 3]"
3AG3,"[1, 3]"
3AG4,"[1, 3]"
3AON,"[1, 3]"
3ASN,"[1, 3]"
3ASO,"[1, 3]"
3AWI,"[1, 2]"
3CL9,"[1, 2]"
3CLB,"[1, 2]"
3DBG,"[1, 4]"
3DG8,"[1, 2]"
3DGA,"[1, 2]"
3DUF,"[1, 2]"
3DV0,"[1, 2]"
3DVA,"[1, 2]"
3DY5,"[1, 4]"
3EL3,"[1, 4]"
3ELN,"[1, 3]"
3EX8,"[1, 3]"
3FLK,"[1, 4]"
3FMX,"[1, 4]"
3H87,"[1, 3]"
3HBB,"[1, 2]"
3I01,"[1, 2]"
3I04,"[1, 2]"
3I9T,"[1, 4]"
3I9U,"[1, 4]"
3INV,"[1, 2]"
3IRM,"[1, 2]"
3IRN,"[1, 2]"
3IRO,"[1, 2]"
3JSU,"[1, 2]"
3KJS,"[1, 2]"
3L07,"[1, 3]"
3LAD,"[1, 2]"
3LCB,"[1, 2, 3]"
3NGL,"[1, 3]"
3NGX,"[1, 3]"
3NKL,"[1, 4]"
3OML,"[1, 3]"
3P2O,"[1, 3]"
3PVC,"[1, 2]"
3QG2,"[1, 2]"
3QGT,"[1, 2]"
3RNM,"[1, 2]"
3SGL,"[1, 2]"
3UM5,"[1, 2]"
3UM6,"[1, 2]"
3UM8,"[1, 2]"
3VR4,"[1, 3]"
3VR5,"[1, 3]"
3VR6,"[1, 3]"
3W8J,"[1, 5]"
3WG7,"[1, 3]"
3WKT,"[1, 4]"
3WNU,"[1, 4]"
3WXO,"[1, 4]"
3X16,"[1, 4]"
3X2Q,"[1, 3]"
3ZHQ,"[1, 2, 4]"
3ZHR,"[1, 2, 4]"
3ZHS,"[1, 2, 4]"
3ZHT,"[1, 2, 4]"
3ZHU,"[1, 2, 4]"
3ZHV,"[1, 2, 4]"
3ZPC,"[1, 3]"
3ZPG,"[1, 3]"
3ZW8,"[1, 4, 5]"
3ZW9,"[1, 4, 5]"
3ZWA,"[1, 4, 5]"
3ZWB,"[1, 4, 5]"
3ZWC,"[1, 4, 5]"
4A26,"[1, 3]"
4A5O,"[1, 3]"
4AB7,"[1, 2]"
4B3H,"[1, 4]"
4B3I,"[1, 4]"
4B3J,"[1, 4]"
4B4U,"[1, 3]"
4B4V,"[1, 3]"
4B4W,"[1, 3]"
4DP3,"[1, 2]"
4DPH,"[1, 2]"
4ECK,"[1, 2]"
4EIL,"[1, 2]"
4F7W,"[1, 2]"
4G3M,"[1, 3]"
4G7L,"[1, 4]"
4G7P,"[1, 4]"
4G7T,"[1, 4]"
4G7U,"[1, 4]"
4G8P,"[1, 4]"
4G8U,"[1, 4]"
4G8W,"[1, 4]"
4G98,"[1, 4]"
4G99,"[1, 4]"
4GA4,"[1, 2]"
4GA5,"[1, 2]"
4GA6,"[1, 2]"
4GI7,"[1, 2]"
4IEO,"[1, 3]"
4IEP,"[1, 3]"
4IEQ,"[1, 3]"
4IER,"[1, 3]"
4IES,"[1, 3]"
4IET,"[1, 3]"
4IEU,"[1, 3]"
4IEV,"[1, 3]"
4IEW,"[1, 3]"
4IEX,"[1, 3]"
4IEY,"[1, 3]"
4IEZ,"[1, 3]"
4IIB,"[1, 3]"
4IIC,"[1, 3]"
4IID,"[1, 3]"
4IIE,"[1, 3]"
4IIF,"[1, 3]"
4IIG,"[1, 3]"
4IIH,"[1, 3]"
4JG4,"[1, 3]"
4JN6,"[1, 4]"
4JTN,"[1, 3]"
4JTO,"[1, 3]"
4KWJ,"[1, 3]"
4KWK,"[1, 3]"
4KWL,"[1, 3]"
4KY4,"[1, 2]"
4KY8,"[1, 2]"
4KYA,"[1, 2]"
4LRS,"[1, 4]"
4LRT,"[1, 4]"
4MEC,"[1, 4]"
4NE2,"[1, 2]"
4P69,"[1, 2, 3]"
4PAE,"[1, 4]"
4PIX,"[1, 3]"
4PIY,"[1, 3]"
4PIZ,"[1, 3]"
4PJY,"[1, 3]"
4Q0D,"[1, 2]"
4Q0E,"[1, 2]"
4QOY,"[1, 2]"
4QQR,"[1, 5]"
4TVW,"[1, 6]"
4TVY,"[1, 6]"
4UBG,"[1, 3]"
4UBH,"[1, 3]"
4WKG,"[1, 2]"
4XET,"[1, 3]"
4XEZ,"[1, 3]"
4XF0,"[1, 3]"
4XF1,"[1, 3]"
4XF3,"[1, 3]"
4XF4,"[1, 3]"
4XF9,"[1, 3]"
4XFA,"[1, 3]"
4XFB,"[1, 3]"
4XFC,"[1, 3]"
4XFF,"[1, 3]"
4XFG,"[1, 3]"
4XFH,"[1, 3]"
4XFI,"[1, 3]"
4XK8,"[1, 2]"
4YNI,"[1, 3]"
4YSF,"[1, 3]"
4YYO,"[1, 3]"
4Z82,"[1, 3]"
5AAJ,"[1, 4, 5]"
5AAK,"[1, 4, 5]"
5AFW,"[1, 3]"
5B1A,"[1, 3]"
5B1B,"[1, 3]"
5EFU,"[1, 3]"
5EZW,"[1, 3]"
5FDB,"[1, 3]"
5GRE,"[1, 4]"
5GRF,"[1, 4]"
5GRH,"[1, 4]"
5GRI,"[1, 4]"
5GRL,"[1, 4]"
5I0R,"[1, 3]"
5I0S,"[1, 3]"
5I0T,"[1, 3]"
5I0U,"[1, 3]"
5IY5,"[1, 3]"
5JPQ,"[1, 2]"
5KNB,"[1, 3]"
5KNC,"[1, 3]"
5KND,"[1, 3]"
5KZ5,"[1, 2]"
5LUF,"[1, 3]"
5MGB,"[1, 4, 5]"
5SWU,"[1, 2, 4]"
5SWV,"[1, 2, 4]"
5T0L,"[1, 2]"
5TC4,"[1, 3]"
5TZS,"[1, 2]"
1A7J,"[2, 4]"
1AE9,"[2, 3]"
1AIH,"[2, 3]"
1ARO,"[2, 3]"
1AYA,"[2, 3]"
1AYB,"[2, 3]"
1AYC,"[2, 3]"
1AYD,"[2, 3]"
1B6C,"[2, 5]"
1B8H,"[2, 3]"
1BIF,"[2, 3]"
1BJP,"[2, 5]"
1BNO,"[2, 4]"
1BNP,"[2, 4]"
1BPB,"[2, 4]"
1BPD,"[2, 4]"
1BPE,"[2, 4]"
1BPX,"[2, 4]"
1BPY,"[2, 4]"
1BPZ,"[2, 4]"
1BXI,"[2, 3]"
1C3X,"[2, 3]"
1C4Z,"[2, 6]"
1CLQ,"[2, 3]"
1CR0,"[2, 3]"
1CR1,"[2, 3]"
1CR2,"[2, 3]"
1CR4,"[2, 3]"
1CZ1,"[2, 3]"
1D01,"[2, 6]"
1DK2,"[2, 4]"
1DK3,"[2, 4]"
1DML,"[2, 3]"
1E0J,"[2, 3]"
1E0K,"[2, 3]"
1EQC,"[2, 3]"
1EQP,"[2, 3]"
1FAP,"[2, 5]"
1FBV,"[2, 6]"
1FQ1,"[2, 3]"
1G8M,"[2, 3]"
1GPW,"[2, 4]"
1H4L,"[2, 3]"
1HUO,"[2, 4]"
1HUZ,"[2, 4]"
1I3Q,"[2, 4]"
1I50,"[2, 4]"
1I6H,"[2, 4]"
1ID0,"[2, 3]"
1IG9,"[2, 3]"
1IH7,"[2, 3]"
1JEG,"[2, 3]"
1JKY,"[2, 3]"
1JN3,"[2, 4]"
1JXA,"[2, 5]"
1K6M,"[2, 3]"
1K83,"[2, 4]"
1KA8,"[2, 3]"
1KA9,"[2, 4]"
1KJK,"[2, 3]"
1L2M,"[2, 3]"
1L5I,"[2, 3]"
1M9N,"[2, 3]"
1MOQ,"[2, 5]"
1MOR,"[2, 5]"
1MOS,"[2, 5]"
1MQ2,"[2, 4]"
1MQ3,"[2, 4]"
1N64,"[2, 3]"
1NIK,"[2, 4]"
1NOM,"[2, 4]"
1NOY,"[2, 3]"
1NOZ,"[2, 3]"
1NSG,"[2, 5]"
1NT9,"[2, 4]"
1NUI,"[2, 3]"
1NZP,"[2, 4]"
1OJ5,"[2, 4]"
1OX4,"[2, 4]"
1OX5,"[2, 4]"
1OX6,"[2, 4]"
1OZ0,"[2, 3]"
1P4R,"[2, 3]"
1P7D,"[2, 3]"
1PKX,"[2, 3]"
1PL0,"[2, 3]"
1PN9,"[2, 4]"
1PQV,"[2, 4]"
1Q57,"[2, 3]"
1Q9X,"[2, 3]"
1Q9Y,"[2, 3]"
1QD9,"[2, 3]"
1QE5,"[2, 3]"
1R5U,"[2, 4]"
1R9S,"[2, 4]"
1R9T,"[2, 4]"
1RPL,"[2, 4]"
1RZT,"[2, 4]"
1SFO,"[2, 4]"
1SKR,"[2, 3]"
1SKS,"[2, 3]"
1SKW,"[2, 3]"
1SL0,"[2, 3]"
1SL1,"[2, 3]"
1SL2,"[2, 3]"
1T7P,"[2, 3]"
1T8E,"[2, 3]"
1THZ,"[2, 3]"
1TK0,"[2, 3]"
1TK5,"[2, 3]"
1TK8,"[2, 3]"
1TKD,"[2, 3]"
1TMH,"[2, 5]"
1TRE,"[2, 5]"
1TT9,"[2, 4]"
1TV9,"[2, 4]"
1TVA,"[2, 4]"
1TWA,"[2, 4]"
1TWC,"[2, 4]"
1TWF,"[2, 4]"
1TWG,"[2, 4]"
1TWH,"[2, 4]"
1UJX,"[2, 3]"
1UNG,"[2, 3]"
1UNH,"[2, 3]"
1UNL,"[2, 3]"
1UR6,"[2, 6]"
1VJ7,"[2, 3]"
1W55,"[2, 4]"
1W57,"[2, 4]"
1WAF,"[2, 3]"
1WAJ,"[2, 3]"
1WCM,"[2, 4]"
1X9M,"[2, 3]"
1X9S,"[2, 3]"
1X9W,"[2, 3]"
1XFF,"[2, 5]"
1XFG,"[2, 5]"
1XG2,"[2, 3]"
1XHX,"[2, 3]"
1XHZ,"[2, 3]"
1XI1,"[2, 3]"
1XSL,"[2, 4]"
1XSN,"[2, 4]"
1XSP,"[2, 4]"
1Y1V,"[2, 4]"
1Y1W,"[2, 4]"
1Y1Y,"[2, 4]"
1Y75,"[2, 3]"
1Y77,"[2, 4]"
1YAX,"[2, 3]"
1Z19,"[2, 3]"
1Z1B,"[2, 3]"
1Z1G,"[2, 3]"
1ZHH,"[2, 3]"
1ZJM,"[2, 4]"
1ZJN,"[2, 4]"
1ZQA,"[2, 4]"
1ZQB,"[2, 4]"
1ZQC,"[2, 4]"
1ZQD,"[2, 4]"
1ZQE,"[2, 4]"
1ZQF,"[2, 4]"
1ZQG,"[2, 4]"
1ZQH,"[2, 4]"
1ZQI,"[2, 4]"
1ZQJ,"[2, 4]"
1ZQK,"[2, 4]"
1ZQL,"[2, 4]"
1ZQM,"[2, 4]"
1ZQN,"[2, 4]"
1ZQO,"[2, 4]"
1ZQP,"[2, 4]"
1ZQQ,"[2, 4]"
1ZQR,"[2, 4]"
1ZQS,"[2, 4]"
1ZQT,"[2, 4]"
1ZQU,"[2, 4]"
1ZQV,"[2, 4]"
1ZQW,"[2, 4]"
1ZQX,"[2, 4]"
1ZQY,"[2, 4]"
1ZQZ,"[2, 4]"
1ZYQ,"[2, 3]"
2AJQ,"[2, 3]"
2ATQ,"[2, 3]"
2B1G,"[2, 3]"
2B1I,"[2, 3]"
2B4S,"[2, 3]"
2B63,"[2, 4]"
2B8K,"[2, 4]"
2B9I,"[2, 3]"
2BCJ,"[2, 3]"
2BCQ,"[2, 4]"
2BCR,"[2, 4]"
2BCS,"[2, 4]"
2BCU,"[2, 4]"
2BCV,"[2, 4]"
2BIF,"[2, 3]"
2BMB,"[2, 6]"
2BPC,"[2, 4]"
2BPF,"[2, 4]"
2BPG,"[2, 4]"
2BRF,"[2, 3]"
2C2V,"[2, 6]"
2CBL,"[2, 6]"
2CG8,"[2, 4]"
2CSE,"[2, 3]"
2DTU,"[2, 3]"
2DWO,"[2, 3]"
2DWP,"[2, 3]"
2DY4,"[2, 3]"
2E2H,"[2, 4]"
2E2I,"[2, 4]"
2E2J,"[2, 4]"
2EAW,"[2, 4]"
2EX3,"[2, 3]"
2FAP,"[2, 5]"
2FCI,"[2, 3]"
2FM7,"[2, 5]"
2FMP,"[2, 4]"
2FMQ,"[2, 4]"
2FMS,"[2, 4]"
2FYS,"[2, 3]"
2GHQ,"[2, 3]"
2GHT,"[2, 3]"
2GPH,"[2, 3]"
2GV9,"[2, 3]"
2GWS,"[2, 4]"
2HJ9,"[2, 3]"
2HJE,"[2, 3]"
2HW0,"[2, 3]"
2HWT,"[2, 3]"
2I1V,"[2, 3]"
2I9G,"[2, 4]"
2IJD,"[2, 3]"
2ISO,"[2, 4]"
2ISP,"[2, 4]"
2IU0,"[2, 3]"
2IU3,"[2, 3]"
2J6H,"[2, 5]"
2JA5,"[2, 4]"
2JA6,"[2, 4]"
2JA7,"[2, 4]"
2JA8,"[2, 4]"
2JAN,"[2, 6]"
2JW5,"[2, 4]"
2K5X,"[2, 3]"
2KSO,"[2, 3]"
2KU7,"[2, 5]"
2KYL,"[2, 3]"
2LXP,"[2, 6]"
2NVQ,"[2, 4]"
2NVT,"[2, 4]"
2NVX,"[2, 4]"
2NVY,"[2, 4]"
2NVZ,"[2, 4]"
2OJW,"[2, 6]"
2OJX,"[2, 3]"
2OXO,"[2, 3]"
2OYQ,"[2, 3]"
2OZM,"[2, 3]"
2OZS,"[2, 3]"
2P5G,"[2, 3]"
2P5O,"[2, 3]"
2P66,"[2, 4]"
2PB1,"[2, 3]"
2PBO,"[2, 3]"
2PC8,"[2, 3]"
2PF0,"[2, 3]"
2PFD,"[2, 4]"
2PFN,"[2, 4]"
2PFO,"[2, 4]"
2PFP,"[2, 4]"
2PFQ,"[2, 4]"
2PLD,"[2, 3]"
2PLE,"[2, 3]"
2PXI,"[2, 4]"
2PY5,"[2, 3]"
2PYJ,"[2, 3]"
2PYL,"[2, 3]"
2PZS,"[2, 3]"
2Q8Y,"[2, 4]"
2QC8,"[2, 6]"
2QJO,"[2, 3]"
2QJT,"[2, 3]"
2R5W,"[2, 3]"
2R6A,"[2, 3]"
2R6C,"[2, 3]"
2R7Z,"[2, 4]"
2R92,"[2, 4]"
2R93,"[2, 4]"
2REE,"[2, 4]"
2REF,"[2, 4]"
2REI,"[2, 4]"
2RIO,"[2, 3]"
2RSE,"[2, 5]"
2V2F,"[2, 3]"
2VAN,"[2, 4]"
2VF4,"[2, 5]"
2VF5,"[2, 5]"
2VG5,"[2, 3]"
2VG6,"[2, 3]"
2VG7,"[2, 3]"
2VLN,"[2, 3]"
2VLO,"[2, 3]"
2VLP,"[2, 3]"
2VLQ,"[2, 3]"
2VUM,"[2, 4]"
2W19,"[2, 5]"
2W1A,"[2, 5]"
2W3O,"[2, 3]"
2WB4,"[2, 4]"
2WCC,"[2, 3]"
2WJZ,"[2, 4]"
2X4U,"[2, 3]"
2Y1N,"[2, 6]"
2Y7C,"[2, 3]"
2Y7H,"[2, 3]"
2YBF,"[2, 6]"
2YHO,"[2, 6]"
2YKM,"[2, 3]"
2YKN,"[2, 3]"
2YNF,"[2, 3]"
2YNG,"[2, 3]"
2YNH,"[2, 3]"
2YNI,"[2, 3]"
2YU9,"[2, 4]"
2ZD1,"[2, 3]"
2ZE2,"[2, 3]"
2ZY2,"[2, 4]"
2ZY3,"[2, 4]"
2ZY4,"[2, 4]"
2ZY5,"[2, 4]"
3BGR,"[2, 3]"
3BQ8,"[2, 3]"
3BQA,"[2, 3]"
3BRH,"[2, 3]"
3BUO,"[2, 6]"
3BUW,"[2, 6]"
3BUX,"[2, 6]"
3BZI,"[2, 3]"
3C2K,"[2, 4]"
3C2L,"[2, 4]"
3C2M,"[2, 4]"
3C30,"[2, 3]"
3C38,"[2, 3]"
3C5F,"[2, 4]"
3C5G,"[2, 4]"
3C8Z,"[2, 6]"
3CFO,"[2, 3]"
3CFP,"[2, 3]"
3CFR,"[2, 3]"
3CGY,"[2, 3]"
3CGZ,"[2, 3]"
3CQ8,"[2, 3]"
3CQZ,"[2, 4]"
3D42,"[2, 3]"
3D44,"[2, 3]"
3D6N,"[2, 3]"
3DI6,"[2, 3]"
3DKO,"[2, 4]"
3DLE,"[2, 3]"
3DLG,"[2, 3]"
3DLK,"[2, 3]"
3DM2,"[2, 3]"
3DMJ,"[2, 3]"
3DOK,"[2, 3]"
3DOL,"[2, 3]"
3DRP,"[2, 3]"
3DRR,"[2, 3]"
3DRS,"[2, 3]"
3DYA,"[2, 3]"
3E01,"[2, 3]"
3EB6,"[2, 6]"
3EIN,"[2, 4]"
3EO3,"[2, 5]"
3EPS,"[2, 3]"
3FAP,"[2, 5]"
3FBV,"[2, 3]"
3FFI,"[2, 3]"
3FKI,"[2, 4]"
3FSH,"[2, 6]"
3FWL,"[2, 3]"
3GCM,"[2, 3]"
3GDX,"[2, 4]"
3GJN,"[2, 3]"
3GKL,"[2, 3]"
3GME,"[2, 3]"
3GQI,"[2, 3]"
3GTG,"[2, 4]"
3GTJ,"[2, 4]"
3GTK,"[2, 4]"
3GTL,"[2, 4]"
3GTM,"[2, 4]"
3GTO,"[2, 4]"
3GTP,"[2, 4]"
3GTQ,"[2, 4]"
3H1C,"[2, 3]"
3H3V,"[2, 4]"
3H8K,"[2, 6]"
3H8M,"[2, 4]"
3H9R,"[2, 5]"
3HCT,"[2, 6]"
3HCU,"[2, 6]"
3HOU,"[2, 4]"
3HOV,"[2, 4]"
3HOW,"[2, 4]"
3HOX,"[2, 4]"
3HOY,"[2, 4]"
3HOZ,"[2, 4]"
3HW8,"[2, 4]"
3HWT,"[2, 4]"
3HX0,"[2, 4]"
3I0R,"[2, 3]"
3I0S,"[2, 3]"
3I4M,"[2, 4]"
3I4N,"[2, 4]"
3IRX,"[2, 3]"
3IS9,"[2, 3]"
3ISB,"[2, 4]"
3ISC,"[2, 4]"
3ISD,"[2, 4]"
3ISN,"[2, 3]"
3ITH,"[2, 3]"
3IYB,"[2, 3]"
3IYC,"[2, 3]"
3J0K,"[2, 4]"
3J1N,"[2, 4]"
3JPN,"[2, 4]"
3JPO,"[2, 4]"
3JPP,"[2, 4]"
3JPQ,"[2, 4]"
3JPR,"[2, 4]"
3JPS,"[2, 4]"
3JPT,"[2, 4]"
3JVZ,"[2, 6]"
3JW0,"[2, 6]"
3K1F,"[2, 4]"
3K75,"[2, 4]"
3K7A,"[2, 4]"
3KD1,"[2, 3]"
3KD5,"[2, 3]"
3KLE,"[2, 3]"
3KLF,"[2, 3]"
3KLG,"[2, 3]"
3KLH,"[2, 3]"
3KLI,"[2, 3]"
3KYH,"[2, 3]"
3L1Z,"[2, 6]"
3L8B,"[2, 3]"
3LC6,"[2, 3]"
3LDS,"[2, 3]"
3LJ0,"[2, 3]"
3LJ1,"[2, 3]"
3LJ2,"[2, 3]"
3LK9,"[2, 4]"
3LP0,"[2, 3]"
3LP1,"[2, 3]"
3LP2,"[2, 3]"
3LQC,"[2, 4]"
3LZI,"[2, 3]"
3LZJ,"[2, 3]"
3M3Y,"[2, 4]"
3M4O,"[2, 4]"
3M8P,"[2, 3]"
3M8Q,"[2, 3]"
3MAK,"[2, 4]"
3MBY,"[2, 4]"
3MDA,"[2, 4]"
3MDC,"[2, 4]"
3MDY,"[2, 5]"
3MGH,"[2, 4]"
3MGI,"[2, 4]"
3MLQ,"[2, 3]"
3N9K,"[2, 3]"
3NAE,"[2, 3]"
3NBP,"[2, 3]"
3NCI,"[2, 3]"
3NDK,"[2, 3]"
3NE6,"[2, 3]"
3NGI,"[2, 3]"
3NHG,"[2, 3]"
3NRU,"[2, 4]"
3NVT,"[2, 5]"
3NZI,"[2, 3]"
3O0G,"[2, 3]"
3O6A,"[2, 3]"
3OB2,"[2, 6]"
3OGU,"[2, 4]"
3OJ4,"[2, 3, 6]"
3OOJ,"[2, 5]"
3OP0,"[2, 6]"
3P23,"[2, 3]"
3P71,"[2, 3]"
3PFV,"[2, 6]"
3PHU,"[2, 3]"
3PHW,"[2, 3]"
3PHX,"[2, 3]"
3PML,"[2, 4]"
3PMN,"[2, 4]"
3PNC,"[2, 4]"
3PO2,"[2, 4]"
3PO3,"[2, 4]"
3Q15,"[2, 3]"
3QEI,"[2, 3]"
3QEP,"[2, 3]"
3QER,"[2, 3]"
3QES,"[2, 3]"
3QET,"[2, 3]"
3QEV,"[2, 3]"
3QEW,"[2, 3]"
3QEX,"[2, 3]"
3QIP,"[2, 3]"
3QLH,"[2, 3]"
3QNN,"[2, 3]"
3QNO,"[2, 3]"
3QO9,"[2, 3]"
3QPU,"[2, 3]"
3QPV,"[2, 3]"
3QPW,"[2, 3]"
3QT1,"[2, 4]"
3QW3,"[2, 4]"
3QW4,"[2, 4]"
3RH4,"[2, 4]"
3RH5,"[2, 4]"
3RH6,"[2, 4]"
3RJE,"[2, 4]"
3RJF,"[2, 4]"
3RJG,"[2, 4]"
3RJH,"[2, 4]"
3RJI,"[2, 4]"
3RJJ,"[2, 4]"
3RJK,"[2, 4]"
3RMA,"[2, 3]"
3RMB,"[2, 3]"
3RMC,"[2, 3]"
3RMD,"[2, 3]"
3RPG,"[2, 6]"
3RWU,"[2, 3]"
3RZD,"[2, 4]"
3RZO,"[2, 4]"
3S14,"[2, 4]"
3S15,"[2, 4]"
3S16,"[2, 4]"
3S17,"[2, 4]"
3S1M,"[2, 4]"
3S1N,"[2, 4]"
3S1Q,"[2, 4]"
3S1R,"[2, 4]"
3S24,"[2, 3]"
3S2D,"[2, 4]"
3S2H,"[2, 4]"
3S9H,"[2, 3]"
3SCX,"[2, 3]"
3SDJ,"[2, 3]"
3SDM,"[2, 3]"
3SI6,"[2, 3]"
3SJA,"[2, 3]"
3SJB,"[2, 3]"
3SJC,"[2, 3]"
3SJJ,"[2, 3]"
3SNN,"[2, 3]"
3SPY,"[2, 3]"
3SPZ,"[2, 3]"
3SQ0,"[2, 3]"
3SQ1,"[2, 3]"
3SQ2,"[2, 3]"
3SQ4,"[2, 3]"
3SQV,"[2, 6]"
3SUN,"[2, 3]"
3SUO,"[2, 3]"
3SUP,"[2, 3]"
3SUQ,"[2, 3]"
3SY2,"[2, 6]"
3T19,"[2, 3]"
3T1A,"[2, 3]"
3TAB,"[2, 3]"
3TAE,"[2, 3]"
3TAF,"[2, 3]"
3TAG,"[2, 3]"
3TAM,"[2, 3]"
3TFR,"[2, 4]"
3TFS,"[2, 4]"
3TG1,"[2, 3]"
3TL8,"[2, 6]"
3TOF,"[2, 3]"
3TOG,"[2, 3]"
3TOH,"[2, 3]"
3TQF,"[2, 3]"
3TWU,"[2, 3]"
3U7E,"[2, 3]"
3U7F,"[2, 3]"
3U7G,"[2, 3]"
3U7H,"[2, 3]"
3UIQ,"[2, 3]"
3UJG,"[2, 3]"
3ULR,"[2, 3]"
3UPQ,"[2, 4]"
3UQ0,"[2, 4]"
3UQ2,"[2, 4]"
3UXN,"[2, 4]"
3UXO,"[2, 4]"
3UXP,"[2, 4]"
3UXU,"[2, 3]"
3V72,"[2, 4]"
3V7J,"[2, 4]"
3V7K,"[2, 4]"
3V7L,"[2, 4]"
3VCF,"[2, 3]"
3VKW,"[2, 3]"
3VLC,"[2, 3]"
3VMA,"[2, 3]"
3VON,"[2, 3]"
3VRO,"[2, 6]"
3VRP,"[2, 6]"
3VRR,"[2, 6]"
3VSA,"[2, 4]"
3VSC,"[2, 4]"
3VSD,"[2, 4]"
3W95,"[2, 3]"
3WRX,"[2, 3]"
3WRY,"[2, 3]"
3ZMP,"[2, 3]"
3ZMQ,"[2, 3]"
3ZR4,"[2, 4]"
3ZVL,"[2, 3]"
3ZVM,"[2, 3]"
3ZVN,"[2, 3]"
3ZZM,"[2, 3]"
4A0R,"[2, 6]"
4A1O,"[2, 3]"
4A3B,"[2, 4]"
4A3C,"[2, 4]"
4A3D,"[2, 4]"
4A3E,"[2, 4]"
4A3F,"[2, 4]"
4A3G,"[2, 4]"
4A3I,"[2, 4]"
4A3J,"[2, 4]"
4A3K,"[2, 4]"
4A3L,"[2, 4]"
4A3M,"[2, 4]"
4A49,"[2, 6]"
4A4B,"[2, 6]"
4A4C,"[2, 6]"
4A93,"[2, 4]"
4AID,"[2, 3]"
4AIM,"[2, 3]"
4AMV,"[2, 5]"
4AP4,"[2, 6]"
4AU8,"[2, 3]"
4AUQ,"[2, 6]"
4B3O,"[2, 3]"
4B3P,"[2, 3]"
4B3Q,"[2, 3]"
4BAC,"[2, 3]"
4BBR,"[2, 4]"
4BBS,"[2, 4]"
4BJH,"[2, 3]"
4BXX,"[2, 4]"
4BXZ,"[2, 4]"
4BY1,"[2, 4]"
4BY7,"[2, 4]"
4C02,"[2, 5]"
4C2M,"[2, 4]"
4C3H,"[2, 4]"
4C3I,"[2, 4]"
4C3J,"[2, 4]"
4CCG,"[2, 6]"
4CKB,"[2, 3]"
4CKC,"[2, 3]"
4CKE,"[2, 3]"
4D0L,"[2, 3]"
4D0M,"[2, 3]"
4D4J,"[2, 3]"
4D4K,"[2, 3]"
4D4L,"[2, 3]"
4D4M,"[2, 3]"
4DDG,"[2, 3]"
4DHI,"[2, 3]"
4DHJ,"[2, 3]"
4DHZ,"[2, 3]"
4DKS,"[2, 3]"
4DO9,"[2, 4]"
4DOA,"[2, 4]"
4DOB,"[2, 4]"
4DOC,"[2, 4]"
4DPZ,"[2, 3]"
4DRH,"[2, 5]"
4DRI,"[2, 5]"
4DRJ,"[2, 5]"
4DTJ,"[2, 3]"
4DTM,"[2, 3]"
4DTN,"[2, 3]"
4DTO,"[2, 3]"
4DTP,"[2, 3]"
4DTR,"[2, 3]"
4DTS,"[2, 3]"
4DTU,"[2, 3]"
4DTX,"[2, 3]"
4DU1,"[2, 3]"
4DU3,"[2, 3]"
4DU4,"[2, 3]"
4E3S,"[2, 3]"
4E7H,"[2, 3]"
4E7I,"[2, 3]"
4E7J,"[2, 3]"
4E7K,"[2, 3]"
4E7L,"[2, 3]"
4EHI,"[2, 3]"
4EW1,"[2, 6]"
4EW2,"[2, 6]"
4EW3,"[2, 6]"
4F5N,"[2, 4]"
4F5O,"[2, 4]"
4F5P,"[2, 4]"
4F5Q,"[2, 4]"
4F5R,"[2, 4]"
4F9U,"[2, 3]"
4F9V,"[2, 3]"
4FAI,"[2, 3]"
4FAP,"[2, 5]"
4FBE,"[2, 3]"
4FJ5,"[2, 3]"
4FJ7,"[2, 3]"
4FJ8,"[2, 3]"
4FJ9,"[2, 3]"
4FJG,"[2, 3]"
4FJH,"[2, 3]"
4FJI,"[2, 3]"
4FJJ,"[2, 3]"
4FJK,"[2, 3]"
4FJL,"[2, 3]"
4FJM,"[2, 3]"
4FJN,"[2, 3]"
4FJX,"[2, 3]"
4FK0,"[2, 3]"
4FK2,"[2, 3]"
4FK4,"[2, 3]"
4FO6,"[2, 4]"
4FWU,"[2, 3]"
4G1Q,"[2, 3]"
4GB2,"[2, 3]"
4GFU,"[2, 3]"
4GS0,"[2, 3]"
4GUA,"[2, 3]"
4GVM,"[2, 3]"
4GW6,"[2, 3]"
4GXI,"[2, 4]"
4GXJ,"[2, 4]"
4GXK,"[2, 4]"
4H4M,"[2, 3]"
4H4O,"[2, 3]"
4HKQ,"[2, 3]"
4HXD,"[2, 3]"
4I2P,"[2, 3]"
4I2Q,"[2, 3]"
4I31,"[2, 3]"
4I32,"[2, 3]"
4I33,"[2, 3]"
4I9L,"[2, 3]"
4I9Q,"[2, 3]"
4IAO,"[2, 3]"
4ICL,"[2, 3]"
4ID1,"[2, 3]"
4ID5,"[2, 3]"
4IDK,"[2, 3]"
4IFV,"[2, 3]"
4IFY,"[2, 3]"
4IG0,"[2, 3]"
4IG3,"[2, 3]"
4II2,"[2, 6]"
4IMZ,"[2, 3]"
4INH,"[2, 3]"
4J02,"[2, 3]"
4J04,"[2, 3]"
4J06,"[2, 3]"
4J08,"[2, 3]"
4J0A,"[2, 3]"
4J2A,"[2, 3]"
4J2B,"[2, 3]"
4J2D,"[2, 3]"
4J2E,"[2, 3]"
4JBW,"[2, 3]"
4JJQ,"[2, 3]"
4JJS,"[2, 3]"
4JJU,"[2, 3]"
4JMU,"[2, 3]"
4JTW,"[2, 3]"
4JTY,"[2, 3]"
4JTZ,"[2, 3]"
4JU1,"[2, 3]"
4JU2,"[2, 3]"
4JU3,"[2, 3]"
4JU4,"[2, 3]"
4JU6,"[2, 3]"
4JU7,"[2, 3]"
4JVQ,"[2, 3]"
4JWM,"[2, 4]"
4JWN,"[2, 4]"
4JY0,"[2, 3]"
4JY1,"[2, 3]"
4JZO,"[2, 3]"
4K4G,"[2, 4]"
4K4H,"[2, 4]"
4K4I,"[2, 4]"
4K6L,"[2, 3]"
4KFB,"[2, 3]"
4KHN,"[2, 3]"
4KHQ,"[2, 3]"
4KHS,"[2, 3]"
4KHU,"[2, 3]"
4KHW,"[2, 3]"
4KHY,"[2, 3]"
4KI4,"[2, 3]"
4KI6,"[2, 3]"
4KLD,"[2, 4]"
4KLE,"[2, 4]"
4KLF,"[2, 4]"
4KLG,"[2, 4]"
4KLH,"[2, 4]"
4KLI,"[2, 4]"
4KLJ,"[2, 4]"
4KLL,"[2, 4]"
4KLM,"[2, 4]"
4KLO,"[2, 4]"
4KLQ,"[2, 4]"
4KLS,"[2, 4]"
4KLT,"[2, 4]"
4KLU,"[2, 4]"
4LAD,"[2, 6]"
4LDT,"[2, 3]"
4LVS,"[2, 4]"
4M2Y,"[2, 4]"
4M3R,"[2, 3]"
4M3T,"[2, 3]"
4M3U,"[2, 3]"
4M3W,"[2, 3]"
4M3X,"[2, 3]"
4M3Y,"[2, 3]"
4M3Z,"[2, 3]"
4M41,"[2, 3]"
4M42,"[2, 3]"
4M45,"[2, 3]"
4M47,"[2, 4]"
4M4W,"[2, 3]"
4M80,"[2, 3]"
4M81,"[2, 3]"
4M82,"[2, 3]"
4M94,"[2, 3]"
4M95,"[2, 3]"
4M9G,"[2, 4]"
4M9H,"[2, 4]"
4M9J,"[2, 4]"
4M9L,"[2, 4]"
4M9N,"[2, 4]"
4MA4,"[2, 3]"
4MF2,"[2, 4]"
4MF8,"[2, 4]"
4MFA,"[2, 4]"
4MFC,"[2, 4]"
4MFF,"[2, 4]"
4MH8,"[2, 3]"
4N0N,"[2, 3]"
4N0O,"[2, 3]"
4NCG,"[2, 3]"
4NKG,"[2, 6]"
4NLK,"[2, 4]"
4NLN,"[2, 4]"
4NLZ,"[2, 4]"
4NM1,"[2, 4]"
4NM2,"[2, 4]"
4NXZ,"[2, 4]"
4NY8,"[2, 4]"
4NYZ,"[2, 3]"
4O5C,"[2, 4]"
4O5E,"[2, 4]"
4O5K,"[2, 4]"
4O9M,"[2, 4]"
4OJK,"[2, 3]"
4OL8,"[2, 3]"
4OON,"[2, 3]"
4ORH,"[2, 6]"
4OTA,"[2, 5]"
4OTB,"[2, 5]"
4OTC,"[2, 5]"
4OX9,"[2, 4]"
4P2H,"[2, 4]"
4PDW,"[2, 3]"
4PGQ,"[2, 4]"
4PGX,"[2, 4]"
4PGY,"[2, 4]"
4PH5,"[2, 4]"
4PHA,"[2, 4]"
4PHD,"[2, 4]"
4PHE,"[2, 4]"
4PHP,"[2, 4]"
4PL3,"[2, 3]"
4PL4,"[2, 3]"
4PL5,"[2, 3]"
4PLA,"[2, 3]"
4PPX,"[2, 4]"
4PQU,"[2, 3]"
4PUO,"[2, 3]"
4PWD,"[2, 3]"
4PX1,"[2, 5]"
4PXO,"[2, 5]"
4Q0B,"[2, 3]"
4Q5E,"[2, 6]"
4Q5H,"[2, 6]"
4Q95,"[2, 3]"
4QAG,"[2, 3]"
4QPL,"[2, 6]"
4QUM,"[2, 3]"
4R5P,"[2, 3]"
4R63,"[2, 4]"
4R64,"[2, 4]"
4R65,"[2, 4]"
4R66,"[2, 4]"
4RNF,"[2, 3]"
4RNH,"[2, 3]"
4RPX,"[2, 4]"
4RPY,"[2, 4]"
4RPZ,"[2, 4]"
4RQ0,"[2, 4]"
4RQ1,"[2, 4]"
4RQ2,"[2, 4]"
4RQ3,"[2, 4]"
4RQ4,"[2, 4]"
4RQ5,"[2, 4]"
4RQ6,"[2, 4]"
4RQ7,"[2, 4]"
4RQ8,"[2, 4]"
4RT2,"[2, 4]"
4RT3,"[2, 4]"
4RW4,"[2, 3]"
4RW6,"[2, 3]"
4RW7,"[2, 3]"
4RW8,"[2, 3]"
4RW9,"[2, 3]"
4S20,"[2, 3]"
4S3O,"[2, 6]"
4TKP,"[2, 6]"
4TU0,"[2, 3]"
4TUP,"[2, 4]"
4TUQ,"[2, 4]"
4TUR,"[2, 4]"
4TUS,"[2, 4]"
4U4C,"[2, 3]"
4UAW,"[2, 4]"
4UAY,"[2, 4]"
4UAZ,"[2, 4]"
4UB1,"[2, 4]"
4UB2,"[2, 4]"
4UB3,"[2, 4]"
4UB4,"[2, 4]"
4UB5,"[2, 4]"
4UBB,"[2, 4]"
4UBC,"[2, 4]"
4UEY,"[2, 3]"
4UIH,"[2, 3]"
4V1M,"[2, 4]"
4V1N,"[2, 3, 4]"
4V1O,"[2, 3, 4]"
4WE1,"[2, 3]"
4WHV,"[2, 6]"
4WM0,"[2, 3]"
4WMA,"[2, 3]"
4WMB,"[2, 3]"
4WMI,"[2, 3]"
4WMK,"[2, 3]"
4WN2,"[2, 3]"
4WNH,"[2, 3]"
4WTV,"[2, 3]"
4WZ3,"[2, 6]"
4WZN,"[2, 3]"
4X19,"[2, 5]"
4X1C,"[2, 5]"
4X5V,"[2, 4]"
4X67,"[2, 4]"
4X6A,"[2, 4]"
4XA5,"[2, 4]"
4XB6,"[2, 4]"
4XO0,"[2, 3]"
4XPC,"[2, 3]"
4XPE,"[2, 3]"
4XQ8,"[2, 4]"
4XRH,"[2, 4]"
4XUS,"[2, 4]"
4Y2C,"[2, 3]"
4Y3C,"[2, 3]"
4Y52,"[2, 4]"
4Y7N,"[2, 4]"
4YC4,"[2, 3]"
4YDG,"[2, 3]"
4YMM,"[2, 4]"
4YMN,"[2, 4]"
4YMO,"[2, 4]"
4YN4,"[2, 4]"
4YOC,"[2, 3]"
4YPT,"[2, 3]"
4YR8,"[2, 3]"
4YZ9,"[2, 3]"
4YZC,"[2, 3]"
4YZD,"[2, 3]"
4Z6C,"[2, 4]"
4Z6D,"[2, 4]"
4Z6E,"[2, 4]"
4Z6F,"[2, 4]"
4Z7G,"[2, 3]"
4Z7H,"[2, 3]"
4Z96,"[2, 3]"
4Z97,"[2, 3]"
4ZHR,"[2, 3]"
4ZM6,"[2, 3]"
4ZZ1,"[2, 6]"
4ZZ2,"[2, 6]"
4ZZ3,"[2, 6]"
5AIT,"[2, 6]"
5AIU,"[2, 6]"
5AJV,"[2, 3]"
5AJW,"[2, 3]"
5AJX,"[2, 3]"
5AJY,"[2, 3]"
5AJZ,"[2, 3]"
5AK0,"[2, 3]"
5B36,"[2, 4]"
5B3A,"[2, 4]"
5BOL,"[2, 4]"
5BOM,"[2, 4]"
5BPC,"[2, 4]"
5BZ0,"[2, 3]"
5C24,"[2, 3]"
5C25,"[2, 3]"
5C3E,"[2, 4]"
5C42,"[2, 3]"
5C44,"[2, 4]"
5C4A,"[2, 4]"
5C4J,"[2, 4]"
5C4X,"[2, 4]"
5C6K,"[2, 3]"
5C8S,"[2, 3]"
5C8T,"[2, 3]"
5C8U,"[2, 3]"
5CA7,"[2, 4]"
5CB1,"[2, 4]"
5CB6,"[2, 4]"
5CB8,"[2, 4]"
5CHG,"[2, 4]"
5CJ7,"[2, 4]"
5CKX,"[2, 5]"
5CLN,"[2, 5]"
5CLO,"[2, 5]"
5CP2,"[2, 4]"
5CR0,"[2, 4]"
5CWR,"[2, 4]"
5CZ2,"[2, 3]"
5D1K,"[2, 6]"
5D1L,"[2, 6]"
5D1M,"[2, 6]"
5DB6,"[2, 4]"
5DB7,"[2, 4]"
5DB8,"[2, 4]"
5DB9,"[2, 4]"
5DBA,"[2, 4]"
5DBB,"[2, 4]"
5DBC,"[2, 4]"
5DDM,"[2, 4]"
5DDY,"[2, 4]"
5DKW,"[2, 4]"
5DMQ,"[2, 3]"
5DOR,"[2, 3]"
5E5K,"[2, 3]"
5E6J,"[2, 3]"
5E9Q,"[2, 3]"
5EC8,"[2, 3]"
5ECH,"[2, 6]"
5ECI,"[2, 6]"
5ECK,"[2, 6]"
5ECL,"[2, 6]"
5ECM,"[2, 6]"
5ECN,"[2, 6]"
5ECO,"[2, 6]"
5ECP,"[2, 6]"
5ECQ,"[2, 6]"
5ECR,"[2, 6]"
5EDV,"[2, 6]"
5EG3,"[2, 3]"
5EHG,"[2, 3]"
5EHI,"[2, 3]"
5EIF,"[2, 3]"
5EJK,"[2, 3]"
5EKX,"[2, 3]"
5EOZ,"[2, 4]"
5EUT,"[2, 3]"
5EW5,"[2, 3]"
5EYA,"[2, 6]"
5EZ0,"[2, 3]"
5F84,"[2, 3]"
5F85,"[2, 3]"
5F86,"[2, 3]"
5F9K,"[2, 3]"
5FER,"[2, 6]"
5FGB,"[2, 3]"
5FGC,"[2, 3]"
5FGZ,"[2, 3]"
5FJ8,"[2, 4]"
5FJ9,"[2, 4]"
5FJA,"[2, 4]"
5FMF,"[2, 3, 4]"
5FQD,"[2, 6]"
5FRQ,"[2, 6]"
5FYW,"[2, 3, 4]"
5FZ5,"[2, 3, 4]"
5G1N,"[2, 3]"
5G1O,"[2, 3]"
5G2X,"[2, 3]"
5G5L,"[2, 4]"
5GL5,"[2, 3]"
5GPG,"[2, 5]"
5GZZ,"[2, 6]"
5HBM,"[2, 3]"
5HGI,"[2, 3]"
5HHH,"[2, 4]"
5HHI,"[2, 4]"
5HL9,"[2, 3]"
5HLA,"[2, 3]"
5HLB,"[2, 3]"
5HLD,"[2, 3]"
5HPT,"[2, 6]"
5HR5,"[2, 3]"
5HTK,"[2, 3]"
5I0N,"[2, 3]"
5IDK,"[2, 3]"
5IGO,"[2, 6]"
5III,"[2, 4]"
5IIJ,"[2, 4]"
5IIK,"[2, 4]"
5IIL,"[2, 4]"
5IIM,"[2, 4]"
5IIN,"[2, 4]"
5IIO,"[2, 4]"
5IKN,"[2, 3]"
5IM5,"[2, 4]"
5IP7,"[2, 4]"
5IP9,"[2, 4]"
5IY6,"[2, 3]"
5IY7,"[2, 3]"
5IY8,"[2, 3]"
5IY9,"[2, 3]"
5IYA,"[2, 3]"
5IYB,"[2, 3]"
5IYC,"[2, 3]"
5IYD,"[2, 3]"
5J0N,"[2, 3]"
5J0O,"[2, 4]"
5J0P,"[2, 4]"
5J0Q,"[2, 4]"
5J0R,"[2, 4]"
5J0S,"[2, 4]"
5J0T,"[2, 4]"
5J0U,"[2, 4]"
5J0W,"[2, 4]"
5J0X,"[2, 4]"
5J0Y,"[2, 4]"
5J1E,"[2, 3]"
5J29,"[2, 4]"
5J2A,"[2, 4]"
5J2B,"[2, 4]"
5J2C,"[2, 4]"
5J2D,"[2, 4]"
5J2E,"[2, 4]"
5J2F,"[2, 4]"
5J2G,"[2, 4]"
5J2H,"[2, 4]"
5J2I,"[2, 4]"
5J2J,"[2, 4]"
5J2K,"[2, 4]"
5J43,"[2, 3]"
5J5V,"[2, 3]"
5J6F,"[2, 5]"
5J9F,"[2, 6]"
5JHQ,"[2, 3]"
5JK7,"[2, 3]"
5KNL,"[2, 6]"
5LLJ,"[2, 3]"
5M0Q,"[2, 3]"
5M0R,"[2, 3]"
5M3F,"[2, 4]"
5M3M,"[2, 4]"
5M5W,"[2, 4]"
5M5X,"[2, 4]"
5M5Y,"[2, 4]"
5M64,"[2, 4]"
5M74,"[2, 3]"
5MJV,"[2, 3]"
5MZ4,"[2, 3]"
5SVA,"[2, 3, 4]"
5T1V,"[2, 3]"
5T6D,"[2, 3]"
5T6F,"[2, 3]"
5T6G,"[2, 3]"
5TB8,"[2, 4]"
5TB9,"[2, 4]"
5TBA,"[2, 4]"
5TBB,"[2, 4]"
5TBC,"[2, 4]"
5TEP,"[2, 3]"
5TER,"[2, 3]"
5TFR,"[2, 3]"
5TZV,"[2, 4]"
5U2G,"[2, 3]"
5U9H,"[2, 4]"
7ICE,"[2, 4]"
7ICF,"[2, 4]"
7ICG,"[2, 4]"
7ICH,"[2, 4]"
7ICI,"[2, 4]"
7ICJ,"[2, 4]"
7ICK,"[2, 4]"
7ICL,"[2, 4]"
7ICM,"[2, 4]"
7ICN,"[2, 4]"
7ICO,"[2, 4]"
7ICP,"[2, 4]"
7ICQ,"[2, 4]"
7ICR,"[2, 4]"
7ICS,"[2, 4]"
7ICT,"[2, 4]"
7ICU,"[2, 4]"
7ICV,"[2, 4]"
8ICA,"[2, 4]"
8ICB,"[2, 4]"
8ICC,"[2, 4]"
8ICE,"[2, 4]"
8ICF,"[2, 4]"
8ICG,"[2, 4]"
8ICH,"[2, 4]"
8ICI,"[2, 4]"
8ICJ,"[2, 4]"
8ICK,"[2, 4]"
8ICL,"[2, 4]"
8ICM,"[2, 4]"
8ICN,"[2, 4]"
8ICO,"[2, 4]"
8ICP,"[2, 4]"
8ICQ,"[2, 4]"
8ICR,"[2, 4]"
8ICS,"[2, 4]"
8ICT,"[2, 4]"
8ICU,"[2, 4]"
8ICV,"[2, 4]"
8ICW,"[2, 4]"
8ICX,"[2, 4]"
8ICY,"[2, 4]"
8ICZ,"[2, 4]"
9ICA,"[2, 4]"
9ICB,"[2, 4]"
9ICC,"[2, 4]"
9ICE,"[2, 4]"
9ICF,"[2, 4]"
9ICG,"[2, 4]"
9ICH,"[2, 4]"
9ICI,"[2, 4]"
9ICJ,"[2, 4]"
9ICK,"[2, 4]"
9ICL,"[2, 4]"
9ICM,"[2, 4]"
9ICN,"[2, 4]"
9ICO,"[2, 4]"
9ICP,"[2, 4]"
9ICQ,"[2, 4]"
9ICR,"[2, 4]"
9ICS,"[2, 4]"
9ICT,"[2, 4]"
9ICU,"[2, 4]"
9ICV,"[2, 4]"
9ICW,"[2, 4]"
9ICX,"[2, 4]"
9ICY,"[2, 4]"
1B9L,"[3, 5]"
1BCM,"[3, 6]"
1BCO,"[3, 6]"
1BIX,"[3, 4]"
1BRU,"[3, 5]"
1CQG,"[3, 4]"
1CQH,"[3, 4]"
1DE8,"[3, 4]"
1DE9,"[3, 4]"
1DEW,"[3, 4]"
1E9N,"[3, 4]"
1FKN,"[3, 4]"
1HD7,"[3, 4]"
1I3O,"[3, 6]"
1I4O,"[3, 6]"
1I51,"[3, 6]"
1I8G,"[3, 5]"
1JEQ,"[3, 4]"
1JEY,"[3, 4]"
1JJR,"[3, 4]"
1K7K,"[3, 5]"
1KMC,"[3, 6]"
1M4H,"[3, 4]"
1M63,"[3, 5]"
1MF8,"[3, 5]"
1N39,"[3, 4]"
1N3A,"[3, 4]"
1NW9,"[3, 6]"
1OHH,"[3, 6]"
1PY1,"[3, 4]"
1Q4Q,"[3, 6]"
1SGZ,"[3, 4]"
1T15,"[3, 6]"
1T29,"[3, 6]"
1TCO,"[3, 5]"
1TDH,"[3, 4]"
1TNS,"[3, 6]"
1TNT,"[3, 6]"
1TQF,"[3, 4]"
1UJJ,"[3, 4]"
1UJK,"[3, 4]"
1W50,"[3, 4]"
1W51,"[3, 4]"
1XN2,"[3, 4]"
1XN3,"[3, 4]"
1XS7,"[3, 4]"
1YFK,"[3, 5]"
1YJX,"[3, 5]"
1YM2,"[3, 4]"
1YM4,"[3, 4]"
1ZLP,"[3, 4]"
2B8L,"[3, 4]"
2B8V,"[3, 4]"
2D7U,"[3, 6]"
2E1B,"[3, 6]"
2EA0,"[3, 4]"
2EQE,"[3, 6]"
2EQF,"[3, 6]"
2EQG,"[3, 6]"
2ETL,"[3, 6]"
2EZH,"[3, 6]"
2EZI,"[3, 6]"
2EZK,"[3, 6]"
2EZL,"[3, 6]"
2F3E,"[3, 4]"
2F3F,"[3, 4]"
2FDP,"[3, 4]"
2FOP,"[3, 6]"
2FYM,"[3, 4]"
2G94,"[3, 4]"
2GWF,"[3, 6]"
2HIZ,"[3, 4]"
2HM1,"[3, 4]"
2I5W,"[3, 4]"
2IO7,"[3, 6]"
2IO8,"[3, 6]"
2IO9,"[3, 6]"
2IOA,"[3, 6]"
2IOB,"[3, 6]"
2IQG,"[3, 4]"
2IRZ,"[3, 4]"
2IS0,"[3, 4]"
2ISI,"[3, 4]"
2LEN,"[3, 6]"
2M85,"[3, 6]"
2MLZ,"[3, 5]"
2MZN,"[3, 6]"
2NOB,"[3, 4]"
2NOE,"[3, 4]"
2NOF,"[3, 4]"
2NOH,"[3, 4]"
2NOI,"[3, 4]"
2NOL,"[3, 4]"
2NOZ,"[3, 4]"
2NTR,"[3, 4]"
2O3C,"[3, 4]"
2O3H,"[3, 4]"
2OAH,"[3, 4]"
2OF0,"[3, 4]"
2OHK,"[3, 4]"
2OHL,"[3, 4]"
2OHM,"[3, 4]"
2OHN,"[3, 4]"
2OHP,"[3, 4]"
2OHQ,"[3, 4]"
2OHR,"[3, 4]"
2OHS,"[3, 4]"
2OHT,"[3, 4]"
2OHU,"[3, 4]"
2OPF,"[3, 4]"
2OQ4,"[3, 4]"
2P3W,"[3, 5]"
2P4J,"[3, 4]"
2P83,"[3, 4]"
2P8H,"[3, 4]"
2PH6,"[3, 4]"
2PH8,"[3, 4]"
2PYU,"[3, 5]"
2Q11,"[3, 4]"
2Q15,"[3, 4]"
2Q16,"[3, 5]"
2QK5,"[3, 4]"
2QMD,"[3, 4]"
2QMF,"[3, 4]"
2QMG,"[3, 4]"
2QP8,"[3, 4]"
2QU2,"[3, 4]"
2QU3,"[3, 4]"
2QZK,"[3, 4]"
2QZL,"[3, 4]"
2RFL,"[3, 5]"
2V7Q,"[3, 6]"
2VA5,"[3, 4]"
2VA6,"[3, 4]"
2VA7,"[3, 4]"
2VFJ,"[3, 6]"
2VIE,"[3, 4]"
2VIJ,"[3, 4]"
2VIY,"[3, 4]"
2VIZ,"[3, 4]"
2VJ6,"[3, 4]"
2VJ7,"[3, 4]"
2VJ9,"[3, 4]"
2VKM,"[3, 4]"
2VNM,"[3, 4]"
2VNN,"[3, 4]"
2WEZ,"[3, 4]"
2WF0,"[3, 4]"
2WF1,"[3, 4]"
2WF2,"[3, 4]"
2WF3,"[3, 4]"
2WF4,"[3, 4]"
2WJO,"[3, 4]"
2XFI,"[3, 4]"
2XFJ,"[3, 4]"
2XFK,"[3, 4]"
2XHI,"[3, 4]"
2ZDZ,"[3, 4]"
2ZE1,"[3, 4]"
2ZHR,"[3, 4]"
2ZHS,"[3, 4]"
2ZHT,"[3, 4]"
2ZHU,"[3, 4]"
2ZHV,"[3, 4]"
2ZJH,"[3, 4]"
2ZJI,"[3, 4]"
2ZJJ,"[3, 4]"
2ZJK,"[3, 4]"
2ZJL,"[3, 4]"
2ZJM,"[3, 4]"
2ZJN,"[3, 4]"
3A2Y,"[3, 6]"
3A2Z,"[3, 6]"
3A30,"[3, 6]"
3BRA,"[3, 4]"
3BUF,"[3, 4]"
3BUG,"[3, 4]"
3BUH,"[3, 4]"
3CIB,"[3, 4]"
3CIC,"[3, 4]"
3CID,"[3, 4]"
3CKP,"[3, 4]"
3CKR,"[3, 4]"
3D9T,"[3, 6]"
3DKB,"[3, 6]"
3DM6,"[3, 4]"
3DUY,"[3, 4]"
3DV1,"[3, 4]"
3DV5,"[3, 4]"
3EXO,"[3, 4]"
3F0Z,"[3, 4]"
3F10,"[3, 4]"
3FHF,"[3, 4]"
3FHG,"[3, 4]"
3FKT,"[3, 4]"
3GLR,"[3, 6]"
3GLT,"[3, 6]"
3GLU,"[3, 6]"
3H0B,"[3, 4]"
3H5E,"[3, 4]"
3H5H,"[3, 4]"
3H5J,"[3, 4]"
3H8A,"[3, 4]"
3HVG,"[3, 4]"
3HW1,"[3, 4]"
3I0W,"[3, 4]"
3I0X,"[3, 4]"
3I25,"[3, 4]"
3IFW,"[3, 6]"
3IGB,"[3, 4]"
3IH7,"[3, 4]"
3IN3,"[3, 4]"
3IN4,"[3, 4]"
3IND,"[3, 4]"
3INE,"[3, 4]"
3INF,"[3, 4]"
3INH,"[3, 4]"
3IRT,"[3, 6]"
3IVH,"[3, 4]"
3IVI,"[3, 4]"
3IXJ,"[3, 4]"
3IXK,"[3, 4]"
3JBW,"[3, 6]"
3JBX,"[3, 6]"
3JBY,"[3, 6]"
3K5C,"[3, 4]"
3K5D,"[3, 4]"
3K5F,"[3, 4]"
3K5G,"[3, 4]"
3KMX,"[3, 4]"
3KMY,"[3, 4]"
3KN0,"[3, 4]"
3KNT,"[3, 4]"
3KTU,"[3, 4]"
3KVF,"[3, 6]"
3KW5,"[3, 6]"
3KYR,"[3, 4]"
3L38,"[3, 4]"
3L3A,"[3, 4]"
3L58,"[3, 4]"
3L59,"[3, 4]"
3L5B,"[3, 4]"
3L5C,"[3, 4]"
3L5D,"[3, 4]"
3L5E,"[3, 4]"
3L5F,"[3, 4]"
3LHG,"[3, 4]"
3LNK,"[3, 4]"
3LPI,"[3, 4]"
3LPJ,"[3, 4]"
3LPK,"[3, 4]"
3MQS,"[3, 6]"
3MSJ,"[3, 4]"
3MSK,"[3, 4]"
3MSL,"[3, 4]"
3N0U,"[3, 4]"
3N4L,"[3, 4]"
3NSH,"[3, 4]"
3O98,"[3, 6]"
3OHF,"[3, 4]"
3OHH,"[3, 4]"
3OJ3,"[3, 6]"
3OOZ,"[3, 4]"
3PI5,"[3, 4]"
3QBH,"[3, 4]"
3QI1,"[3, 4]"
3R1G,"[3, 4]"
3R2F,"[3, 4]"
3RSV,"[3, 4]"
3RSX,"[3, 4]"
3RTH,"[3, 4]"
3RTM,"[3, 4]"
3RTN,"[3, 4]"
3RU1,"[3, 4]"
3RVI,"[3, 4]"
3RZX,"[3, 4]"
3S2O,"[3, 4]"
3S7L,"[3, 4]"
3S7M,"[3, 4]"
3SIP,"[3, 6]"
3SKF,"[3, 4]"
3SKG,"[3, 4]"
3T2B,"[3, 4]"
3T2C,"[3, 4]"
3T2D,"[3, 4]"
3T2E,"[3, 4]"
3T2F,"[3, 4]"
3T2G,"[3, 4]"
3TIW,"[3, 6]"
3TPJ,"[3, 4]"
3TPL,"[3, 4]"
3TPP,"[3, 4]"
3TPR,"[3, 4]"
3TWK,"[3, 4]"
3TWL,"[3, 4]"
3TWM,"[3, 4]"
3U6A,"[3, 4]"
3U8U,"[3, 4]"
3UDH,"[3, 4]"
3UDJ,"[3, 4]"
3UDK,"[3, 4]"
3UDM,"[3, 4]"
3UDN,"[3, 4]"
3UDP,"[3, 4]"
3UDQ,"[3, 4]"
3UDR,"[3, 4]"
3UDY,"[3, 4]"
3UE9,"[3, 6]"
3UFL,"[3, 4]"
3UJ3,"[3, 6]"
3UQP,"[3, 4]"
3UQR,"[3, 4]"
3UQU,"[3, 4]"
3UQW,"[3, 4]"
3UQX,"[3, 4]"
3VEU,"[3, 4]"
3VF3,"[3, 4]"
3VG1,"[3, 4]"
3VUW,"[3, 6]"
3VUX,"[3, 6]"
3VUY,"[3, 6]"
3VV6,"[3, 4]"
3VV7,"[3, 4]"
3VV8,"[3, 4]"
3W0F,"[3, 4]"
3W1B,"[3, 6]"
3W1G,"[3, 6]"
3WB4,"[3, 4]"
3WB5,"[3, 4]"
3ZJD,"[3, 6]"
3ZJE,"[3, 6]"
3ZJF,"[3, 6]"
3ZJG,"[3, 6]"
3ZMG,"[3, 4]"
3ZO9,"[3, 5]"
3ZOA,"[3, 5]"
3ZOV,"[3, 4]"
4ACU,"[3, 4]"
4ACX,"[3, 4]"
4AYA,"[3, 4]"
4AZY,"[3, 4]"
4B00,"[3, 4]"
4B05,"[3, 4]"
4B0Q,"[3, 4]"
4B1C,"[3, 4]"
4B1D,"[3, 4]"
4B1E,"[3, 4]"
4B70,"[3, 4]"
4B72,"[3, 4]"
4B77,"[3, 4]"
4B78,"[3, 4]"
4BEK,"[3, 4]"
4BFD,"[3, 4]"
4BVE,"[3, 6]"
4BVF,"[3, 6]"
4BVG,"[3, 6]"
4C78,"[3, 6]"
4CY5,"[3, 6]"
4D83,"[3, 4]"
4D85,"[3, 4]"
4D88,"[3, 4]"
4D89,"[3, 4]"
4D8C,"[3, 4]"
4DDT,"[3, 5]"
4DDU,"[3, 5]"
4DDV,"[3, 5]"
4DDW,"[3, 5]"
4DDX,"[3, 5]"
4DH6,"[3, 4]"
4DI2,"[3, 4]"
4DJU,"[3, 4]"
4DJV,"[3, 4]"
4DJW,"[3, 4]"
4DJX,"[3, 4]"
4DJY,"[3, 4]"
4DM9,"[3, 6]"
4DPF,"[3, 4]"
4DPI,"[3, 4]"
4DUS,"[3, 4]"
4DV9,"[3, 4]"
4DVF,"[3, 4]"
4EWO,"[3, 4]"
4EXG,"[3, 4]"
4FCO,"[3, 4]"
4FCY,"[3, 6]"
4FGX,"[3, 4]"
4FM7,"[3, 4]"
4FM8,"[3, 4]"
4FMN,"[3, 4]"
4FRI,"[3, 4]"
4FRJ,"[3, 4]"
4FRK,"[3, 4]"
4FRS,"[3, 4]"
4FS4,"[3, 4]"
4FSE,"[3, 4]"
4FSL,"[3, 4]"
4GID,"[3, 4]"
4GLA,"[3, 6]"
4GMI,"[3, 4]"
4GPI,"[3, 5]"
4GPZ,"[3, 5]"
4H1E,"[3, 4]"
4H3F,"[3, 4]"
4H3G,"[3, 4]"
4H3I,"[3, 4]"
4H3J,"[3, 4]"
4HA5,"[3, 4]"
4HRE,"[3, 6]"
4HRH,"[3, 6]"
4HTP,"[3, 6]"
4HZT,"[3, 4]"
4I0D,"[3, 4]"
4I0E,"[3, 4]"
4I0F,"[3, 4]"
4I0G,"[3, 4]"
4I0H,"[3, 4]"
4I0I,"[3, 4]"
4I0J,"[3, 4]"
4I0Z,"[3, 4]"
4I10,"[3, 4]"
4I11,"[3, 4]"
4I12,"[3, 4]"
4I14,"[3, 4]"
4I1C,"[3, 4]"
4IEM,"[3, 4]"
4IVS,"[3, 4]"
4IVT,"[3, 4]"
4J0P,"[3, 4]"
4J0T,"[3, 4]"
4J0V,"[3, 4]"
4J0Y,"[3, 4]"
4J0Z,"[3, 4]"
4J17,"[3, 4]"
4J1C,"[3, 4]"
4J1E,"[3, 4]"
4J1F,"[3, 4]"
4J1H,"[3, 4]"
4J1I,"[3, 4]"
4J1K,"[3, 4]"
4JKJ,"[3, 6]"
4JOO,"[3, 4]"
4JP9,"[3, 4]"
4JPC,"[3, 4]"
4JPE,"[3, 4]"
4K8S,"[3, 4]"
4K9H,"[3, 4]"
4KE0,"[3, 4]"
4KE1,"[3, 4]"
4L7G,"[3, 4]"
4L7H,"[3, 4]"
4L7J,"[3, 4]"
4LAC,"[3, 5]"
4LC7,"[3, 4]"
4LND,"[3, 4]"
4LXA,"[3, 4]"
4LXK,"[3, 4]"
4LXM,"[3, 4]"
4M6F,"[3, 6]"
4MB7,"[3, 4]"
4N00,"[3, 4]"
4NRV,"[3, 4]"
4ODK,"[3, 5]"
4OYK,"[3, 6]"
4P0A,"[3, 6]"
4P0B,"[3, 6]"
4PII,"[3, 4]"
4PZW,"[3, 4]"
4PZX,"[3, 4]"
4QH9,"[3, 4]"
4QHD,"[3, 4]"
4QHE,"[3, 4]"
4QN1,"[3, 6]"
4R5N,"[3, 4]"
4R8Y,"[3, 4]"
4R91,"[3, 4]"
4R92,"[3, 4]"
4R93,"[3, 4]"
4R95,"[3, 4]"
4RCD,"[3, 4]"
4RCE,"[3, 4]"
4RCF,"[3, 4]"
4RI0,"[3, 5]"
4RRN,"[3, 4]"
4RRO,"[3, 4]"
4RRS,"[3, 4]"
4S0N,"[3, 6]"
4TRW,"[3, 4]"
4TRY,"[3, 4]"
4TRZ,"[3, 4]"
4TSF,"[3, 6]"
4TT3,"[3, 6]"
4UTR,"[3, 6]"
4UTV,"[3, 6]"
4UTX,"[3, 6]"
4UTZ,"[3, 6]"
4UU7,"[3, 6]"
4UU8,"[3, 6]"
4UUA,"[3, 6]"
4UUB,"[3, 6]"
4WPH,"[3, 6]"
4WPI,"[3, 6]"
4WTU,"[3, 4]"
4WWX,"[3, 6]"
4WY1,"[3, 4]"
4WY6,"[3, 4]"
4X2L,"[3, 4]"
4X3G,"[3, 6]"
4X7I,"[3, 4]"
4XKX,"[3, 4]"
4XXS,"[3, 4]"
4XZF,"[3, 6]"
4XZG,"[3, 6]"
4YBI,"[3, 4]"
4YY3,"[3, 4]"
4Z1M,"[3, 6]"
4ZPE,"[3, 4]"
4ZPF,"[3, 4]"
4ZPG,"[3, 4]"
4ZRH,"[3, 6]"
4ZS5,"[3, 6]"
4ZSM,"[3, 4]"
4ZSP,"[3, 4]"
4ZSQ,"[3, 4]"
4ZSR,"[3, 4]"
5AN4,"[3, 4]"
5BNH,"[3, 6]"
5C56,"[3, 6]"
5C6D,"[3, 6]"
5C6H,"[3, 6]"
5CFG,"[3, 4]"
5CLM,"[3, 4]"
5DFF,"[3, 4]"
5DFH,"[3, 4]"
5DFI,"[3, 4]"
5DFJ,"[3, 4]"
5DG0,"[3, 4]"
5DOD,"[3, 6]"
5DQ6,"[3, 6]"
5DQC,"[3, 4]"
5ENK,"[3, 4]"
5ENM,"[3, 4]"
5EZX,"[3, 4]"
5EZZ,"[3, 4]"
5F00,"[3, 4]"
5F01,"[3, 4]"
5FL2,"[3, 4]"
5HD0,"[3, 4]"
5HDU,"[3, 4]"
5HDV,"[3, 4]"
5HDX,"[3, 4]"
5HDZ,"[3, 4]"
5HE4,"[3, 4]"
5HE5,"[3, 4]"
5HE7,"[3, 4]"
5HTZ,"[3, 4]"
5HU0,"[3, 4]"
5HU1,"[3, 4]"
5I3V,"[3, 4]"
5I3W,"[3, 4]"
5I3X,"[3, 4]"
5I3Y,"[3, 4]"
5IE1,"[3, 4]"
5ITQ,"[3, 4]"
5ITR,"[3, 4]"
5ITT,"[3, 4]"
5ITU,"[3, 4]"
5ITX,"[3, 4]"
5ITY,"[3, 4]"
5K5F,"[3, 6]"
5K7X,"[3, 6]"
5KQF,"[3, 4]"
5KR8,"[3, 4]"
5LJ5,"[3, 6]"
5LQX,"[3, 6]"
5LQY,"[3, 6]"
5LQZ,"[3, 6]"
5LRX,"[3, 6]"
5MQ0,"[3, 6]"
5T1U,"[3, 4]"
5T1W,"[3, 4]"
5TOL,"[3, 4]"
5WSG,"[3, 6]"
1EKJ,"[4, 5]"
1GSZ,"[4, 5]"
1GTT,"[4, 5]"
1H35,"[4, 5]"
1H36,"[4, 5]"
1H37,"[4, 5]"
1H39,"[4, 5]"
1H3A,"[4, 5]"
1H3B,"[4, 5]"
1H3C,"[4, 5]"
1I7O,"[4, 5]"
1O6H,"[4, 5]"
1O6Q,"[4, 5]"
1O6R,"[4, 5]"
1O79,"[4, 5]"
1SQC,"[4, 5]"
1U8V,"[4, 5]"
1UJ4,"[4, 5]"
1UJ5,"[4, 5]"
1UJ6,"[4, 5]"
1UMP,"[4, 5]"
1V71,"[4, 5]"
1WTC,"[4, 5]"
2H31,"[4, 6]"
2KR7,"[4, 5]"
2SQC,"[4, 5]"
2ZPU,"[4, 5]"
2ZR8,"[4, 5]"
3LOG,"[4, 5]"
3QXZ,"[4, 5]"
3R9Q,"[4, 5]"
3RV6,"[4, 5]"
3RV7,"[4, 5]"
3RV8,"[4, 5]"
3RV9,"[4, 5]"
3S9V,"[4, 5]"
3SQC,"[4, 5]"
3ST6,"[4, 5]"
3VEH,"[4, 5]"
4DBF,"[4, 5]"
4DBH,"[4, 5]"
4FZW,"[4, 5]"
4WAB,"[4, 5]"
5G1U,"[4, 5]"
5G1V,"[4, 5]"
5G1W,"[4, 5]"
5HLR,"[4, 5]"
5HSS,"[4, 5]"
5I3T,"[4, 5]"
1WIM,"[5, 6]"
1ZKC,"[5, 6]"
3JB9,"[5, 6]"
